title,href
[好雷] 復仇者聯盟2-奧創紀元,/bbs/movie/M.1552723525.A.914.html
[好雷] 復仇者聯盟2:奧創紀元，家庭敘事,/bbs/movie/M.1525322737.A.337.html
[普好雷] 復仇者聯盟2 一些心得,/bbs/movie/M.1512467672.A.8B1.html
[好雷] 正義聯盟--復仇者聯盟2 2.0?,/bbs/movie/M.1510840746.A.235.html
[好雷] 復仇者聯盟2-原來看了美3再回味會變好看,/bbs/movie/M.1463627195.A.6CB.html
"[好雷] 復仇者聯盟2: ""最上流的符號隱喻""",/bbs/movie/M.1439710329.A.D30.html
[微好雷]復仇者聯盟2 精彩中帶點可惜,/bbs/movie/M.1432019828.A.1E9.html
[普好雷]復仇者聯盟2：奧創紀元,/bbs/movie/M.1431162177.A.3DE.html
[算好雷]《復仇者聯盟2》 誠意十足也危機四伏,/bbs/movie/M.1430233849.A.3EC.html
[普好雷] 復仇者聯盟2一點雜感加疑問,/bbs/movie/M.1430229292.A.226.html
[好雷]復仇者聯盟2:劇情元素加重的大拜拜,/bbs/movie/M.1430194600.A.6A8.html
[好雷] 復仇者聯盟2,/bbs/movie/M.1430129701.A.8D1.html
[好雷] 復仇者聯盟2 奧創,/bbs/movie/M.1430118511.A.770.html
[無好雷]二刷的復仇者聯盟2,/bbs/movie/M.1430067483.A.195.html
[好雷] 看得很爽的復仇者聯盟2,/bbs/movie/M.1430062787.A.645.html
[好雷] 復仇者聯盟2 為了迎接無限制之戰,/bbs/movie/M.1430037476.A.1BF.html
[普好雷] 為了贈品的二刷復仇者聯盟2,/bbs/movie/M.1430032703.A.332.html
[好雷] 復仇者聯盟2:奧創紀元 非典型續集片,/bbs/movie/M.1429986149.A.07C.html
[普好雷]復仇者聯盟2 可圈可點,/bbs/movie/M.1429983104.A.378.html
[ 好雷]【點評:復仇者聯盟2:奧創紀元】,/bbs/movie/M.1429981633.A.1AE.html
[好雷] 復仇者聯盟2：奧創紀元,/bbs/movie/M.1429972917.A.171.html
[ 好普雷] 復仇者聯盟2-糟糕的翻譯,/bbs/movie/M.1429964649.A.89E.html
[好雷]復仇者聯盟2  奧創到底哪裡弱了= =,/bbs/movie/M.1429800763.A.B7B.html
[好雷] 復仇者聯盟2 就是喜歡啦,/bbs/movie/M.1429798284.A.4D8.html
[普好雷]有點砸鍋的復仇者聯盟2,/bbs/movie/M.1429796239.A.B33.html
[好雷]復仇者聯盟2的一些心得,/bbs/movie/M.1429794710.A.393.html
[好雷] 復仇者聯盟2 + 一些疑問,/bbs/movie/M.1429781535.A.996.html
[好雷] 復仇者聯盟2:奧創紀元,/bbs/movie/M.1429762603.A.07E.html
[ 普好雷] 爽看的復仇者聯盟2,/bbs/movie/M.1429759635.A.555.html
[好雷]復仇者聯盟2~ 承先啟後,/bbs/movie/M.1429758086.A.273.html
[普好雷] 復仇者聯盟2:不夠強大的奧創,/bbs/movie/M.1429723572.A.90A.html
[好雷]復仇者聯盟2奧創紀元,/bbs/movie/M.1429723471.A.708.html
[好雷] 復仇者聯盟2 幾個疑問,/bbs/movie/M.1429720162.A.21A.html
[好爽雷]復仇者聯盟2-----龐大的後續,/bbs/movie/M.1429711501.A.3BD.html
[普好雷] 復仇者聯盟2 有點普通又有點好看,/bbs/movie/M.1429704606.A.06D.html
[好雷 微雷] 復仇者聯盟2,/bbs/movie/M.1429695746.A.CAA.html
[微好雷]嗑電影：復仇者聯盟2,/bbs/movie/M.1429694493.A.D2A.html
[微好雷] 復仇者聯盟2：奧創紀元,/bbs/movie/M.1429694068.A.05E.html
[好雷] 復仇者聯盟2,/bbs/movie/M.1429691594.A.11C.html
[好雷] 復仇者聯盟2：奧創紀元,/bbs/movie/M.1429689821.A.359.html
[好無雷] 復仇者聯盟2：奧創紀元,/bbs/movie/M.1429686129.A.B10.html
[好雷] 復仇者聯盟2：奧創紀元心得(有劇透),/bbs/movie/M.1429683376.A.C40.html
[偏好雷]復仇者聯盟2之女巫有點正XD,/bbs/movie/M.1429683053.A.A76.html
[好雷] 復仇者聯盟2 過癮!!!,/bbs/movie/M.1429679699.A.1B3.html
[好雷] 復仇者聯盟2 沒有List跑完之彩蛋,/bbs/movie/M.1429674177.A.C6E.html
[好雷] 復仇者聯盟2 試映會心得,/bbs/movie/M.1429672885.A.8D4.html
